BookingID,BookingDate,TableNumber,CustomerID
10,2022-10-05,101,00-090-3491
11,2022-10-07,102,00-352-9063
12,2022-09-20,103,00-381-6823
13,2022-08-15,104,00-435-7006
14,2022-12-21,105,00-689-5519
15,2022-11-11,106,00-806-0662
16,2022-11-30,107,00-896-7289
17,2022-12-01,108,00-988-1489
18,2022-12-02,109,01-010-4453
19,2022-12-03,110,01-169-3967
20,2022-12-04,111,01-560-0809
21,2022-12-05,112,01-608-1032
22,2022-12-06,113,01-646-4719
23,2022-10-07,114,01-864-9695
24,2022-09-20,115,01-882-3064
25,2022-08-15,116,01-889-1994
26,2022-12-21,117,01-905-4730
27,2022-11-11,118,02-063-5381
28,2022-11-30,119,02-156-3419
29,2022-12-30,120,02-565-4368
30,2022-11-05,121,02-681-4911
31,2022-09-30,122,02-974-0997
32,2022-09-30,123,03-040-0318
33,2022-07-25,124,03-051-7819
34,2022-10-05,125,03-133-1843
35,2022-10-07,126,03-215-3959
36,2022-09-20,127,03-331-1028
37,2022-08-15,128,03-350-0766
38,2022-12-21,129,03-512-0082
39,2022-11-11,130,03-547-5984
40,2022-11-30,131,03-575-7094
41,2022-12-30,132,03-684-7057
42,2022-11-05,133,03-754-8064
43,2022-09-30,134,03-883-9835
44,2022-09-30,135,04-007-9403
45,2022-07-25,136,04-049-1006
46,2022-10-05,137,04-162-3406
47,2022-10-07,138,04-213-6891
48,2022-09-20,139,04-242-3472
49,2022-08-15,140,04-268-9065
50,2022-12-21,141,04-641-1747
51,2022-11-11,142,04-699-2162
52,2022-11-30,143,04-729-3719
53,2022-12-30,144,04-732-9888
54,2022-11-05,145,04-810-9943
55,2022-09-30,146,04-935-5157
56,2022-09-30,147,04-960-9928
57,2022-07-25,148,04-962-5217
58,2022-10-05,149,05-230-9436
59,2022-10-07,150,05-480-9942
60,2022-09-20,151,05-507-9751
61,2022-08-15,152,05-685-7660
62,2022-12-21,153,06-093-4453
63,2022-11-11,154,06-321-2499
64,2022-11-30,155,06-346-0589
65,2022-12-30,156,06-514-5687
66,2022-11-05,157,06-545-4037
67,2022-09-30,158,06-566-4150
68,2022-09-30,159,06-831-0706
69,2022-07-25,160,06-870-3808
70,2022-10-05,161,06-994-0572
71,2022-10-07,162,07-014-5107
72,2022-09-20,163,07-111-7669
73,2022-08-15,164,07-117-6288
74,2022-12-21,165,07-158-6611
75,2022-11-11,166,07-161-0216
76,2022-11-30,167,07-187-1437
77,2022-12-30,168,07-280-9648
78,2022-11-05,169,07-369-4272
79,2022-09-30,170,07-457-0443
80,2022-09-30,171,07-575-4456
81,2022-07-25,172,07-589-4558
82,2022-10-05,173,07-597-7903
83,2022-10-07,174,07-667-2054
84,2022-09-20,175,07-795-8092
85,2022-08-15,176,07-805-8279
86,2022-12-21,177,07-925-9556
87,2022-11-11,178,08-227-7061
88,2022-11-30,179,08-294-3158
89,2022-12-30,180,08-390-4691
90,2022-11-05,181,08-417-0042
91,2022-09-30,182,08-581-0238
92,2022-09-30,183,08-784-0123
93,2022-07-25,184,08-816-0158
94,2022-10-05,185,08-962-4575
95,2022-10-07,186,09-129-7277
96,2022-09-20,187,09-203-2909
97,2022-08-15,188,09-339-5822
98,2022-12-21,189,09-340-5529
99,2022-11-11,190,09-427-8083
100,2022-11-30,191,09-463-4222
101,2022-12-30,192,09-488-5773
102,2022-11-05,193,09-563-6732
103,2022-09-30,194,09-685-7250
104,2022-09-30,195,09-688-8521
105,2022-07-25,196,09-710-7305
106,2022-10-05,197,09-732-9826
107,2022-10-07,198,09-799-7986
108,2022-09-20,199,09-888-3706
109,2022-08-15,200,09-974-0828
110,2022-12-21,201,10-047-1960
111,2022-11-11,202,10-196-1743
112,2022-11-30,203,10-341-4047
113,2022-12-30,204,10-483-3261
114,2022-12-31,205,10-502-1445
115,2023-01-01,206,10-534-1630
116,2023-01-02,207,10-921-5699
117,2023-01-03,208,10-972-8681
118,2023-01-04,209,11-127-1413
119,2023-01-05,210,11-253-6502
120,2023-01-06,211,11-402-7555
121,2023-01-07,212,11-447-6901
122,2023-01-08,213,11-549-7666
123,2022-11-11,214,11-586-9495
124,2022-11-30,215,11-687-7365
125,2022-12-30,216,12-123-6838
126,2022-11-05,217,12-180-4369
127,2022-09-30,218,12-210-8916
128,2022-09-30,219,12-472-1799
129,2022-07-25,220,12-510-9183
130,2022-10-05,221,12-760-8688
131,2022-10-07,222,12-982-1679
132,2022-09-20,223,13-027-0249
133,2022-09-21,224,13-040-2063
134,2022-09-22,225,13-051-6609
135,2022-09-23,226,13-132-4970
136,2022-09-24,227,13-473-0498
137,2022-09-25,228,13-517-7084
138,2022-09-26,229,13-549-8164
139,2022-09-27,230,13-617-0573
140,2022-09-28,231,13-641-1831
141,2022-07-25,232,13-838-5377
142,2022-10-05,233,13-867-0430
143,2022-10-07,234,13-919-9687
144,2022-09-20,235,13-951-6935
145,2022-08-15,236,13-989-5109
146,2022-12-21,237,14-064-2226
147,2022-11-11,238,14-111-5943
148,2022-11-12,239,14-149-6520
149,2022-11-13,240,14-150-3681
150,2022-11-14,241,14-188-9770
151,2022-11-15,242,14-346-3203
152,2022-11-16,243,14-396-6788
153,2022-11-17,244,14-427-0652
154,2022-11-18,245,14-623-7622
155,2022-11-19,246,14-693-9001
156,2022-11-20,247,14-832-8262
157,2022-11-21,248,14-852-2100
158,2022-11-22,249,14-968-9727
159,2022-11-23,250,14-998-1300
160,2022-11-24,251,15-038-3835
161,2022-11-25,252,15-086-9086
162,2022-11-26,253,15-212-8866
163,2022-11-27,254,15-509-1414
164,2022-11-28,255,15-541-9267
165,2022-11-29,256,15-547-7156
166,2022-11-30,257,15-794-0367
167,2022-12-01,258,15-796-7574
168,2022-12-02,259,15-968-4354
169,2022-12-03,260,16-061-3868
170,2022-12-04,261,16-112-3047
171,2022-12-05,262,16-138-8056
172,2022-12-06,263,16-233-7577
173,2022-12-07,264,16-392-8441
174,2022-12-08,265,16-649-4523
175,2022-12-09,266,16-794-2589
176,2022-12-10,267,16-815-6643
177,2022-12-11,268,16-968-9858
178,2022-12-12,269,17-062-2228
179,2022-12-13,270,17-162-2135
180,2022-09-20,271,17-237-9919
181,2022-08-15,272,17-425-9366
182,2022-12-21,273,17-578-7660
183,2022-11-11,274,17-656-8981
184,2022-11-30,275,18-073-6715
185,2022-12-30,276,18-179-2197
186,2022-11-05,277,18-208-4971
187,2022-09-30,278,18-234-4252
188,2022-09-30,279,18-238-2784
189,2022-07-25,280,18-296-6063
190,2022-10-05,281,18-423-4240
191,2022-10-07,282,18-607-5868
192,2022-09-20,283,18-648-5116
193,2022-08-15,284,18-790-4326
194,2022-12-21,285,18-878-4452
195,2022-11-11,286,18-892-9010
196,2022-11-30,287,18-907-7870
197,2022-12-30,288,19-101-7328
198,2022-11-05,289,19-112-3031
199,2022-09-30,290,19-175-1000
200,2022-09-30,291,19-203-6248
201,2022-07-25,292,19-291-5558
202,2022-10-05,293,19-601-3865
203,2022-10-07,294,19-662-9886
204,2022-09-20,295,19-745-7544
205,2022-08-15,296,19-848-0069
206,2022-12-21,297,20-180-7160
207,2022-11-11,298,20-317-3721
208,2022-11-30,299,20-380-7591
209,2022-12-30,300,20-514-8420
210,2022-11-05,301,20-619-2889
211,2022-09-30,302,20-741-4330
212,2022-09-30,303,20-850-2376
213,2022-07-25,304,20-910-8042
214,2022-10-05,305,21-055-2991
215,2022-10-07,306,21-282-1343
216,2022-09-20,307,21-383-0942
217,2022-08-15,308,21-516-0006
218,2022-12-21,309,21-644-8108
219,2022-11-11,310,21-667-2874
220,2022-11-30,311,21-735-6636
221,2022-12-30,312,21-798-9412
222,2022-11-05,313,21-823-5019
223,2022-09-30,314,21-903-1493
224,2022-09-30,315,21-910-6325
225,2022-07-25,316,21-950-4765
226,2022-10-05,317,22-129-8597
227,2022-10-07,318,22-174-9688
228,2022-09-20,319,22-414-3931
229,2022-08-15,320,22-453-6603
230,2022-12-21,321,22-501-0325
231,2022-11-11,322,22-719-1060
232,2022-11-30,323,22-744-2112
233,2022-12-30,324,22-817-6388
234,2022-11-05,325,22-928-0299
235,2022-09-30,326,23-068-9989
236,2022-09-30,327,23-082-9045
237,2022-07-25,328,23-205-4715
238,2022-10-05,329,23-233-9582
239,2022-10-07,330,23-245-6549
240,2022-09-20,331,23-541-2030
241,2022-08-15,332,23-557-3971
242,2022-12-21,333,23-605-5942
243,2022-11-11,334,23-834-9533
244,2022-11-30,335,24-176-7246
245,2022-12-30,336,24-388-6822
246,2022-11-05,337,24-476-4314
247,2022-09-30,338,24-545-1124
248,2022-09-30,339,24-648-1490
249,2022-07-25,340,24-717-8311
250,2022-10-05,341,24-902-5422
251,2022-10-07,342,24-909-6177
252,2022-09-20,343,25-056-4351
253,2022-08-15,344,25-492-4931
254,2022-12-21,345,25-816-5806
255,2022-11-11,346,26-229-0678
256,2022-11-30,347,26-237-6257
257,2022-12-30,348,26-401-4662
258,2022-11-05,349,26-402-5585
259,2022-09-30,350,26-438-8798
260,2022-09-30,351,26-472-0085
261,2022-07-25,352,26-608-5179
262,2022-10-05,353,26-631-4044
263,2022-10-07,354,26-673-1238
264,2022-09-20,355,26-834-8571
265,2022-08-15,356,27-053-6056
266,2022-12-21,357,27-104-9440
267,2022-11-11,358,27-255-5518
268,2022-11-30,359,27-342-8219
269,2022-12-30,360,27-350-6986
270,2022-11-05,361,27-609-7148
271,2022-09-30,362,27-611-0020
272,2022-09-30,363,27-735-9532
273,2022-07-25,364,27-913-7247
274,2022-10-05,365,27-928-3810
275,2022-10-07,366,28-076-4615
276,2022-09-20,367,28-108-0435
277,2022-08-15,368,28-146-1975
278,2022-12-21,369,28-196-8983
279,2022-11-11,370,28-255-9636
280,2022-11-30,371,28-301-5131
281,2022-12-30,372,28-494-9464
282,2022-11-05,373,28-599-7053
283,2022-09-30,374,28-783-9841
284,2022-09-30,375,28-808-0517
285,2022-07-25,376,28-838-2563
286,2022-10-05,377,28-875-7993
287,2022-10-07,378,28-994-2175
288,2022-09-20,379,29-212-8537
289,2022-08-15,380,29-219-2253
290,2022-12-21,381,29-300-1910
291,2022-11-11,382,29-310-6052
292,2022-11-30,383,29-317-1692
293,2022-12-30,384,29-402-3395
294,2022-11-05,385,29-581-4956
295,2022-09-30,386,29-590-2171
296,2022-09-30,387,29-631-4932
297,2022-07-25,388,29-836-4385
298,2022-10-05,389,29-913-3446
299,2022-10-07,390,29-914-6794
300,2022-09-20,391,30-022-9413
301,2022-08-15,392,30-049-5208
302,2022-12-21,393,30-073-5505
303,2022-11-11,394,30-134-4141
304,2022-11-30,395,30-273-7602
305,2022-12-30,396,30-395-2269
306,2022-11-05,397,30-426-0861
307,2022-09-30,398,30-459-4522
308,2022-09-30,399,30-481-3036
309,2022-07-25,400,30-668-7438
310,2022-10-05,401,30-825-3298
311,2022-10-07,402,30-847-7835
312,2022-09-20,403,30-882-6768
313,2022-08-15,404,30-902-5761
314,2022-12-21,405,30-959-5571
315,2022-11-11,406,31-307-2307
316,2022-11-30,407,31-320-9549
317,2022-12-30,408,31-360-2315
318,2022-11-05,409,31-388-0154
319,2022-09-30,410,31-432-4517
320,2022-09-30,411,31-441-5077
321,2022-07-25,412,31-856-0244
322,2022-10-05,413,32-058-7312
323,2022-10-07,414,32-091-9218
324,2022-09-20,415,32-395-2589
325,2022-08-15,416,32-426-3513
326,2022-12-21,417,32-475-1071
327,2022-11-11,418,32-514-4207
328,2022-11-30,419,32-572-1979
329,2022-12-30,420,32-736-6261
330,2022-11-05,421,32-836-5069
331,2022-09-30,422,32-854-1763
332,2022-09-30,423,33-155-2546
333,2022-07-25,424,33-208-6770
334,2022-10-05,425,33-285-9278
335,2022-10-07,426,33-530-9357
336,2022-09-20,427,33-532-7457
337,2022-08-15,428,33-715-4955
338,2022-12-21,429,33-772-5377
339,2022-11-11,430,33-882-5916
340,2022-11-30,431,33-940-3140
341,2022-12-30,432,34-099-5874
342,2022-11-05,433,34-231-0656
343,2022-09-30,434,34-259-4548
344,2022-09-30,435,34-306-8680
345,2022-07-25,436,34-309-3114
346,2022-10-05,437,34-728-6780
347,2022-10-07,438,34-747-6973
348,2022-09-20,439,34-839-6626
349,2022-08-15,440,34-874-3361
350,2022-12-21,441,34-938-2645
351,2022-11-11,442,34-942-9341
352,2022-11-30,443,35-042-6593
353,2022-12-30,444,35-109-7817
354,2022-11-05,445,35-231-9391
355,2022-09-30,446,35-306-1244
356,2022-09-30,447,35-344-7124
357,2022-07-25,448,35-838-2312
358,2022-10-05,449,35-922-4096
359,2022-10-07,450,36-331-2831
360,2022-09-20,451,36-618-6589
361,2022-08-15,452,36-740-6346
362,2022-12-21,453,36-821-2511
363,2022-11-11,454,36-850-2399
364,2022-11-30,455,36-854-2570
365,2022-12-30,456,36-854-2948
366,2022-11-05,457,37-013-0292
367,2022-09-30,458,37-038-2215
368,2022-09-30,459,37-076-7913
369,2022-07-25,460,37-149-1807
370,2022-10-05,461,37-285-0504
371,2022-10-07,462,37-292-6370
372,2022-09-20,463,37-335-7316
373,2022-08-15,464,37-372-9415
374,2022-12-21,465,37-402-2949
375,2022-11-11,466,37-428-9401
376,2022-11-30,467,37-472-2855
377,2022-12-30,468,37-704-3505
378,2022-11-05,469,37-705-9466
379,2022-09-30,470,37-845-3065
380,2022-09-30,471,37-935-3233
381,2022-07-25,472,38-029-8372
382,2022-10-05,473,38-163-2437
383,2022-10-07,474,38-183-2380
384,2022-09-20,475,38-206-8901
385,2022-08-15,476,38-254-0934
386,2022-12-21,477,38-352-8049
387,2022-11-11,478,38-609-7229
388,2022-11-30,479,38-777-7517
389,2022-12-30,480,38-821-9223
390,2022-11-05,481,38-865-5715
391,2022-09-30,482,38-921-3385
392,2022-09-30,483,39-327-8322
393,2022-07-25,484,39-359-4391
394,2022-10-05,485,39-392-8970
395,2022-10-07,486,39-459-6791
396,2022-09-20,487,39-552-7180
397,2022-08-15,488,39-702-3793
398,2022-12-21,489,39-738-3678
399,2022-11-11,490,39-791-8742
400,2022-11-30,491,39-999-0021
401,2022-12-30,492,40-116-0451
402,2022-11-05,493,40-189-3632
403,2022-09-30,494,40-236-9118
404,2022-09-30,495,40-260-1346
405,2022-07-25,496,40-270-8030
406,2022-10-05,497,40-571-6226
407,2022-10-07,498,40-581-7231
408,2022-09-20,499,40-831-4524
409,2022-08-15,500,40-931-4451
410,2022-12-21,501,40-946-4285
411,2022-11-11,502,41-082-7417
412,2022-11-30,503,41-128-9654
413,2022-12-30,504,41-164-0757
414,2022-11-05,505,41-226-8734
415,2022-09-30,506,41-356-7756
416,2022-09-30,507,41-371-0653
417,2022-07-25,508,41-401-4494
418,2022-10-05,509,41-635-6237
419,2022-10-07,510,41-836-7896
420,2022-09-20,511,42-037-9687
421,2022-08-15,512,42-165-1972
422,2022-12-21,513,42-286-4150
423,2022-11-11,514,42-410-0705
424,2022-11-30,515,42-475-0558
425,2022-12-30,516,42-547-8958
426,2022-11-05,517,42-607-3260
427,2022-09-30,518,42-611-3228
428,2022-09-30,519,42-806-9893
429,2022-07-25,520,42-820-6751
430,2022-10-05,521,42-897-6329
431,2022-10-07,522,42-905-5328
432,2022-09-20,523,42-982-8925
433,2022-08-15,524,43-167-6563
434,2022-12-21,525,43-225-1028
435,2022-11-11,526,43-303-6151
436,2022-11-30,527,43-748-1342
437,2022-12-30,528,43-831-6225
438,2022-11-05,529,43-930-4762
439,2022-09-30,530,43-976-6171
440,2022-09-30,531,44-048-2898
441,2022-07-25,532,44-057-4911
442,2022-10-05,533,44-106-8726
443,2022-10-07,534,44-311-9619
444,2022-09-20,535,44-352-4880
445,2022-08-15,536,44-371-9315
446,2022-12-21,537,44-383-3466
447,2022-11-11,538,44-431-8932
448,2022-11-30,539,44-464-5517
449,2022-12-30,540,44-527-5077
450,2022-11-05,541,44-900-5794
451,2022-09-30,542,44-929-7305
452,2022-09-30,543,45-044-4374
453,2022-07-25,544,45-104-2327
454,2022-10-05,545,45-196-5583
455,2022-10-07,546,45-272-9855
456,2022-09-20,547,45-612-9855
457,2022-08-15,548,45-619-6096
458,2022-12-21,549,45-670-3073
459,2022-11-11,550,45-685-2873
460,2022-11-30,551,45-770-5550
461,2022-12-30,552,45-809-5759
462,2022-11-05,553,45-876-6548
463,2022-09-30,554,45-879-0850
464,2022-09-30,555,46-036-3035
465,2022-07-25,556,46-049-5828
466,2022-10-05,557,46-123-3292
467,2022-10-07,558,46-151-7455
468,2022-09-20,559,46-176-6402
469,2022-08-15,560,46-324-1886
470,2022-12-21,561,46-402-7692
471,2022-11-11,562,46-633-0361
472,2022-11-30,563,46-708-9429
473,2022-12-30,564,46-863-0685
474,2022-11-05,565,46-957-2549
475,2022-09-30,566,47-010-9846
476,2022-09-30,567,47-264-6899
477,2022-07-25,568,47-423-8685
478,2022-10-05,569,47-474-8927
479,2022-10-07,570,47-775-2879
480,2022-09-20,571,47-900-5071
481,2022-08-15,572,48-297-2055
482,2022-12-21,573,48-306-2176
483,2022-11-11,574,48-588-2099
484,2022-11-30,575,48-621-4122
485,2022-12-30,576,48-656-3310
486,2022-11-05,577,48-766-8760
487,2022-09-30,578,48-853-9332
488,2022-09-30,579,48-890-3098
489,2022-07-25,580,48-898-3804
490,2022-10-05,581,48-951-1953
491,2022-10-07,582,48-999-9247
492,2022-09-20,583,49-045-3798
493,2022-08-15,584,49-237-7569
494,2022-12-21,585,49-298-2216
495,2022-11-11,586,49-436-2903
496,2022-11-30,587,49-449-2339
497,2022-12-30,588,49-464-9139
498,2022-11-05,589,49-536-9801
499,2022-09-30,590,49-905-8008
500,2022-09-30,591,49-948-7915
501,2022-07-25,592,50-079-2328
502,2022-10-05,593,50-213-8609
503,2022-10-07,594,50-245-9029
504,2022-09-20,595,50-340-3351
505,2022-08-15,596,50-376-1116
506,2022-12-21,597,50-466-7631
507,2022-11-11,598,50-471-6999
508,2022-11-30,599,50-685-3169
509,2022-12-30,600,50-716-5754
510,2022-11-05,601,50-753-5196
511,2022-09-30,602,51-263-4679
512,2022-09-30,603,51-291-3742
513,2022-07-25,604,51-529-9908
514,2022-10-05,605,51-673-6515
515,2022-10-07,606,51-678-5620
516,2022-09-20,607,51-811-2023
517,2022-08-15,608,51-824-3545
518,2022-12-21,609,51-918-5148
519,2022-11-11,610,52-201-2191
520,2022-11-30,611,52-259-8758
521,2022-12-30,612,52-341-6099
522,2022-11-05,613,52-456-8474
523,2022-09-30,614,52-934-7220
524,2022-09-30,615,52-993-1145
525,2022-07-25,616,53-132-9646
526,2022-10-05,617,53-208-7209
527,2022-10-07,618,53-236-6596
528,2022-09-20,619,53-257-4115
529,2022-08-15,620,53-501-6288
530,2022-12-21,621,53-638-1872
531,2022-11-11,622,53-665-5572
532,2022-11-30,623,53-704-6388
533,2022-12-30,624,53-761-3433
534,2022-11-05,625,53-839-6279
535,2022-09-30,626,53-853-8502
536,2022-09-30,627,53-865-0514
537,2022-07-25,628,54-078-7771
538,2022-10-05,629,54-536-6254
539,2022-10-07,630,54-610-9376
540,2022-09-20,631,54-763-6870
541,2022-08-15,632,54-926-6336
542,2022-12-21,633,54-947-0130
543,2022-11-11,634,55-267-3235
544,2022-11-30,635,55-350-7166
545,2022-12-30,636,55-441-4945
546,2022-11-05,637,55-446-0184
547,2022-09-30,638,55-516-2272
548,2022-09-30,639,55-534-3489
549,2022-07-25,640,55-844-1489
550,2022-10-05,641,56-125-9083
551,2022-10-07,642,56-311-7903
552,2022-09-20,643,56-326-1556
553,2022-08-15,644,56-376-6225
554,2022-12-21,645,56-479-7571
555,2022-11-11,646,56-511-3188
556,2022-11-30,647,56-917-2112
557,2022-12-30,648,57-007-8529
558,2022-11-05,649,57-157-8353
559,2022-09-30,650,57-249-9311
560,2022-09-30,651,57-301-6790
561,2022-07-25,652,57-489-1320
562,2022-10-05,653,57-497-0939
563,2022-10-07,654,57-611-6010
564,2022-09-20,655,57-651-6974
565,2022-08-15,656,57-653-7765
566,2022-12-21,657,57-713-4376
567,2022-11-11,658,57-734-9941
568,2022-11-30,659,57-785-3314
569,2022-12-30,660,57-799-5797
570,2022-11-05,661,57-843-3690
571,2022-09-30,662,57-924-8318
572,2022-09-30,663,58-027-4960
573,2022-07-25,664,58-165-3429
574,2022-10-05,665,58-196-6560
575,2022-10-07,666,58-341-8825
576,2022-09-20,667,58-358-2956
577,2022-08-15,668,58-519-0920
578,2022-12-21,669,58-570-3984
579,2022-11-11,670,58-629-4175
580,2022-11-30,671,58-684-1818
581,2022-12-30,672,58-749-9630
582,2022-11-05,673,58-762-4502
583,2022-09-30,674,58-897-9539
584,2022-09-30,675,58-972-0413
585,2022-07-25,676,58-991-4580
586,2022-10-05,677,59-029-6148
587,2022-10-07,678,59-072-5051
588,2022-09-20,679,59-084-7992
589,2022-08-15,680,59-164-4769
590,2022-12-21,681,59-261-5057
591,2022-11-11,682,59-273-7178
592,2022-11-30,683,59-386-1239
593,2022-12-30,684,59-450-2625
594,2022-11-05,685,59-553-0874
595,2022-09-30,686,59-575-5435
596,2022-09-30,687,59-715-3288
597,2022-07-25,688,59-998-9285
598,2022-10-05,689,60-022-9187
599,2022-10-07,690,60-024-5912
600,2022-09-20,691,60-056-7305
601,2022-08-15,692,60-136-0339
602,2022-12-21,693,60-136-4870
603,2022-11-11,694,60-238-7059
604,2022-11-30,695,60-243-1925
605,2022-12-30,696,60-337-9209
606,2022-11-05,697,60-341-1613
607,2022-09-30,698,60-346-2768
608,2022-09-30,699,60-477-3944
609,2022-07-25,700,60-508-6117
610,2022-10-05,701,60-742-1416
611,2022-10-07,702,60-917-4254
612,2022-09-20,703,61-104-0525
613,2022-08-15,704,61-286-3086
614,2022-12-21,705,61-290-1464
615,2022-11-11,706,61-361-4915
616,2022-11-30,707,61-440-3934
617,2022-12-30,708,61-623-7377
618,2022-11-05,709,61-676-0339
619,2022-09-30,710,61-679-9578
620,2022-09-30,711,61-684-7316
621,2022-07-25,712,61-819-5221
622,2022-10-05,713,62-189-0455
623,2022-10-07,714,62-404-0979
624,2022-09-20,715,62-452-0994
625,2022-08-15,716,62-549-2752
626,2022-12-21,717,62-551-8160
627,2022-11-11,718,62-555-9031
628,2022-11-30,719,62-845-0351
629,2022-12-30,720,62-857-0603
630,2022-11-05,721,62-870-7138
631,2022-09-30,722,63-009-8189
632,2022-09-30,723,63-367-4362
633,2022-07-25,724,63-400-1629
634,2022-10-05,725,63-536-7273
635,2022-10-07,726,63-547-7404
636,2022-09-20,727,63-572-7482
637,2022-08-15,728,63-604-3193
638,2022-12-21,729,63-784-1408
639,2022-11-11,730,63-816-5027
640,2022-11-30,731,63-906-6480
641,2022-12-30,732,63-919-4250
642,2022-11-05,733,63-986-0563
643,2022-09-30,734,64-198-0112
644,2022-09-30,735,64-206-9106
645,2022-07-25,736,64-337-3586
646,2022-10-05,737,64-444-2153
647,2022-10-07,738,64-494-1301
648,2022-09-20,739,64-548-0720
649,2022-08-15,740,64-665-8707
650,2022-12-21,741,64-729-1878
651,2022-11-11,742,64-810-4341
652,2022-11-30,743,64-856-3763
653,2022-12-30,744,64-943-2705
654,2022-11-05,745,65-353-0657
655,2022-09-30,746,65-465-1137
656,2022-09-30,747,65-481-0473
657,2022-07-25,748,65-570-0362
658,2022-10-05,749,65-760-7724
659,2022-10-07,750,65-854-0852
660,2022-09-20,751,65-949-4674
661,2022-08-15,752,65-959-0100
662,2022-12-21,753,65-987-4463
663,2022-11-11,754,66-300-2343
664,2022-11-30,755,66-302-7863
665,2022-12-30,756,66-365-0560
666,2022-11-05,757,66-386-4902
667,2022-09-30,758,66-441-5150
668,2022-09-30,759,66-514-5198
669,2022-07-25,760,66-683-1761
670,2022-10-05,761,66-811-8791
671,2022-10-07,762,67-121-1555
672,2022-09-20,763,67-170-9130
673,2022-08-15,764,67-467-1171
674,2022-12-21,765,67-522-8690
675,2022-11-11,766,67-529-6495
676,2022-11-30,767,67-611-0715
677,2022-12-30,768,67-683-3934
678,2022-11-05,769,67-746-6460
679,2022-09-30,770,67-841-9713
680,2022-09-30,771,68-082-3942
681,2022-07-25,772,68-194-7215
682,2022-10-05,773,68-296-9308
683,2022-10-07,774,68-435-7756
684,2022-09-20,775,68-514-7375
685,2022-08-15,776,68-632-2108
686,2022-12-21,777,68-700-9823
687,2022-11-11,778,68-814-7130
688,2022-11-30,779,68-882-8050
689,2022-12-30,780,69-118-4914
690,2022-11-05,781,69-254-9529
691,2022-09-30,782,69-530-7688
692,2022-09-30,783,69-923-8256
693,2022-07-25,784,70-288-8972
694,2022-10-05,785,70-480-2781
695,2022-10-07,786,70-610-7059
696,2022-09-20,787,70-750-9176
697,2022-08-15,788,70-815-9836
698,2022-12-21,789,70-887-8634
699,2022-11-11,790,71-011-7586
700,2022-11-30,791,71-234-5179
701,2022-12-30,792,71-435-6306
702,2022-11-05,793,71-561-5133
703,2022-09-30,794,71-615-2472
704,2022-09-30,795,71-643-1944
705,2022-07-25,796,71-674-3925
706,2022-10-05,797,71-703-5222
707,2022-10-07,798,71-721-5004
708,2022-09-20,799,71-750-9970
709,2022-08-15,800,71-766-2433
710,2022-12-21,801,71-801-5063
711,2022-11-11,802,71-907-8875
712,2022-11-30,803,71-908-5082
713,2022-12-30,804,71-993-6020
714,2022-11-05,805,72-013-3529
715,2022-09-30,806,72-045-4857
716,2022-09-30,807,72-055-7985
717,2022-07-25,808,72-073-0415
718,2022-10-05,809,72-151-8614
719,2022-10-07,810,72-152-2430
720,2022-09-20,811,72-364-9120
721,2022-08-15,812,72-417-9175
722,2022-12-21,813,72-484-4060
723,2022-11-11,814,72-486-1808
724,2022-11-30,815,72-650-0634
725,2022-12-30,816,72-701-8397
726,2022-11-05,817,73-000-6730
727,2022-09-30,818,73-175-9496
728,2022-09-30,819,73-312-7210
729,2022-07-25,820,73-374-8667
730,2022-10-05,821,73-427-9774
731,2022-10-07,822,73-471-6783
732,2022-09-20,823,73-712-9768
733,2022-08-15,824,73-849-7161
734,2022-12-21,825,73-873-4827
735,2022-11-11,826,73-948-0480
736,2022-11-30,827,73-965-2661
737,2022-12-30,828,73-981-1213
738,2022-11-05,829,74-130-0054
739,2022-09-30,830,74-339-8181
740,2022-09-30,831,74-526-8799
741,2022-07-25,832,74-548-0202
742,2022-10-05,833,74-748-7404
743,2022-10-07,834,74-776-1637
744,2022-09-20,835,74-822-1028
745,2022-08-15,836,74-924-9475
746,2022-12-21,837,75-071-4546
747,2022-11-11,838,75-271-9762
748,2022-11-30,839,75-358-8408
749,2022-12-30,840,75-436-9725
750,2022-11-05,841,75-496-8007
751,2022-09-30,842,75-558-6855
752,2022-09-30,843,75-652-8475
753,2022-07-25,844,75-667-5377
754,2022-10-05,845,75-669-7534
755,2022-10-07,846,75-673-9361
756,2022-09-20,847,75-903-8085
757,2022-08-15,848,75-904-5534
758,2022-12-21,849,75-905-7326
759,2022-11-11,850,75-937-6004
760,2022-11-30,851,76-056-5131
761,2022-12-30,852,76-163-3165
762,2022-11-05,853,76-184-8198
763,2022-09-30,854,76-207-5652
764,2022-09-30,855,76-263-1020
765,2022-07-25,856,76-335-3399
766,2022-10-05,857,76-663-5204
767,2022-10-07,858,76-847-6826
768,2022-09-20,859,76-877-1926
769,2022-08-15,860,76-937-0622
770,2022-12-21,861,77-064-4656
771,2022-11-11,862,77-111-2020
772,2022-11-30,863,77-254-6430
773,2022-12-30,864,77-254-9655
774,2022-11-05,865,77-281-8756
775,2022-09-30,866,77-348-8809
776,2022-09-30,867,77-493-2198
777,2022-07-25,868,77-585-5912
778,2022-10-05,869,77-591-2181
779,2022-10-07,870,77-869-4945
780,2022-09-20,871,77-952-2629
781,2022-08-15,872,78-012-8423
782,2022-12-21,873,78-150-8068
783,2022-11-11,874,78-169-2461
784,2022-11-30,875,78-456-9963
785,2022-12-30,876,78-492-1244
786,2022-11-05,877,78-757-0953
787,2022-09-30,878,78-925-5718
788,2022-09-30,879,78-969-3391
789,2022-07-25,880,79-080-9855
790,2022-10-05,881,79-082-9805
791,2022-10-07,882,79-104-5654
792,2022-09-20,883,79-227-9821
793,2022-08-15,884,79-230-2093
794,2022-12-21,885,79-307-3578
795,2022-11-11,886,79-339-7626
796,2022-11-30,887,79-477-1193
797,2022-12-30,888,79-553-1254
798,2022-11-05,889,79-752-9044
799,2022-09-30,890,79-834-1150
800,2022-09-30,891,79-877-0995
801,2022-07-25,892,80-202-1241
802,2022-10-05,893,80-268-7959
803,2022-10-07,894,80-273-1248
804,2022-09-20,895,80-277-5556
805,2022-08-15,896,80-279-3555
806,2022-12-21,897,80-325-0206
807,2022-11-11,898,80-328-3018
808,2022-11-30,899,80-343-1997
809,2022-12-30,900,80-373-3482
810,2022-11-05,901,80-467-4735
811,2022-09-30,902,80-565-2790
812,2022-09-30,903,80-644-1720
813,2022-07-25,904,80-658-1730
814,2022-10-05,905,80-680-2541
815,2022-10-07,906,80-692-1577
816,2022-09-20,907,80-827-8013
817,2022-08-15,908,80-927-5246
818,2022-12-21,909,80-987-8100
819,2022-11-11,910,80-992-8483
820,2022-11-30,911,81-015-5506
821,2022-12-30,912,81-070-8211
822,2022-11-05,913,81-094-4880
823,2022-09-30,914,81-155-1642
824,2022-09-30,915,81-286-3465
825,2022-07-25,916,81-334-5691
826,2022-10-05,917,81-464-9164
827,2022-10-07,918,81-476-1236
828,2022-09-20,919,81-488-4385
829,2022-08-15,920,81-515-1278
830,2022-12-21,921,81-541-0260
831,2022-11-11,922,81-678-3234
832,2022-11-30,923,82-014-8133
833,2022-12-30,924,82-124-3942
834,2022-11-05,925,82-126-8371
835,2022-09-30,926,82-197-4890
836,2022-09-30,927,82-214-2697
837,2022-07-25,928,82-278-5664
838,2022-10-05,929,82-288-9392
839,2022-10-07,930,82-442-4503
840,2022-09-20,931,82-505-1173
841,2022-08-15,932,82-520-3770
842,2022-12-21,933,82-587-1933
843,2022-11-11,934,82-632-3278
844,2022-11-30,935,82-729-5605
845,2022-12-30,936,82-932-8304
846,2022-11-05,937,83-007-6408
847,2022-09-30,938,83-012-9386
848,2022-09-30,939,83-279-6709
849,2022-07-25,940,83-395-8326
850,2022-10-05,941,83-415-1839
851,2022-10-07,942,83-465-8495
852,2022-09-20,943,83-486-4557
853,2022-08-15,944,83-549-0652
854,2022-12-21,945,83-660-8060
855,2022-11-11,946,83-800-4789
856,2022-11-30,947,83-854-5062
857,2022-12-30,948,83-988-2186
858,2022-11-05,949,84-031-0794
859,2022-09-30,950,84-107-5872
860,2022-09-30,951,84-136-7752
861,2022-07-25,952,84-300-6499
862,2022-10-05,953,84-403-5215
863,2022-10-07,954,84-440-9751
864,2022-09-20,955,84-559-2630
865,2022-08-15,956,84-581-2271
866,2022-12-21,957,84-742-3186
867,2022-11-11,958,84-776-0112
868,2022-11-30,959,84-872-5897
869,2022-12-30,960,85-126-7032
870,2022-11-05,961,85-127-4717
871,2022-09-30,962,85-164-1355
872,2022-09-30,963,85-315-2081
873,2022-07-25,964,85-368-5194
874,2022-10-05,965,85-427-4404
875,2022-10-07,966,85-451-7757
876,2022-09-20,967,85-700-6393
877,2022-08-15,968,85-779-8174
878,2022-12-21,969,85-902-1541
879,2022-11-11,970,85-983-2290
880,2022-11-30,971,86-200-6226
881,2022-12-30,972,86-277-5508
882,2022-11-05,973,86-294-0566
883,2022-09-30,974,86-404-0358
884,2022-09-30,975,86-592-7704
885,2022-07-25,976,86-735-3061
886,2022-10-05,977,86-857-1829
887,2022-10-07,978,87-172-1004
888,2022-09-20,979,87-182-2023
889,2022-08-15,980,87-320-3281
890,2022-12-21,981,87-579-7924
891,2022-11-11,982,87-811-2475
892,2022-11-30,983,87-825-2791
893,2022-12-30,984,87-886-6643
894,2022-11-05,985,88-064-9725
895,2022-09-30,986,88-616-2949
896,2022-09-30,987,88-633-8492
897,2022-07-25,988,88-753-2311
898,2022-10-05,989,88-786-4775
899,2022-10-07,990,88-988-5357
900,2022-09-20,991,89-302-9477
901,2022-08-15,992,89-460-3944
902,2022-12-21,993,89-492-9791
903,2022-11-11,994,89-643-5055
904,2022-11-30,995,89-896-4591
905,2022-12-30,996,89-961-8506
906,2022-11-05,997,89-981-5015
907,2022-09-30,998,90-138-4450
908,2022-09-30,999,90-268-2856
909,2022-07-25,1000,90-275-2874
910,2022-10-05,1001,90-423-2784
911,2022-10-07,1002,90-491-1239
912,2022-09-20,1003,90-508-0061
913,2022-08-15,1004,90-627-6303
914,2022-12-21,1005,90-805-1347
915,2022-11-11,1006,90-874-3974
916,2022-11-30,1007,90-876-6799
917,2022-12-30,1008,90-947-8460
918,2022-11-05,1009,91-003-5808
919,2022-09-30,1010,91-062-1559
920,2022-09-30,1011,91-067-3717
921,2022-07-25,1012,91-165-1485
922,2022-10-05,1013,91-235-3553
923,2022-10-07,1014,91-251-5721
924,2022-09-20,1015,91-253-6389
925,2022-08-15,1016,91-276-1722
926,2022-12-21,1017,91-321-8895
927,2022-11-11,1018,91-336-4124
928,2022-11-30,1019,91-387-2469
929,2022-12-30,1020,91-467-3717
930,2022-11-05,1021,91-484-8549
931,2022-09-30,1022,91-488-9581
932,2022-09-30,1023,91-536-3437
933,2022-07-25,1024,91-616-5387
934,2022-10-05,1025,91-647-4130
935,2022-10-07,1026,91-757-8892
936,2022-09-20,1027,91-807-1653
937,2022-08-15,1028,91-839-0337
938,2022-12-21,1029,91-908-8699
939,2022-11-11,1030,91-982-8246
940,2022-11-30,1031,92-135-9201
941,2022-12-30,1032,92-325-4771
942,2022-11-05,1033,92-486-6132
943,2022-09-30,1034,92-702-5870
944,2022-09-30,1035,92-898-9409
945,2022-07-25,1036,92-904-9582
946,2022-10-05,1037,93-077-9628
947,2022-10-07,1038,93-083-1812
948,2022-09-20,1039,93-638-4651
949,2022-08-15,1040,93-710-1150
950,2022-12-21,1041,93-913-0650
951,2022-11-11,1042,94-096-1282
952,2022-11-30,1043,94-189-0780
953,2022-12-30,1044,94-235-1902
954,2022-11-05,1045,94-324-2649
955,2022-09-30,1046,94-479-0084
956,2022-09-30,1047,94-518-3950
957,2022-07-25,1048,94-757-1930
958,2022-10-05,1049,94-829-5714
959,2022-10-07,1050,94-865-3366
960,2022-09-20,1051,95-153-0059
961,2022-08-15,1052,95-306-3083
962,2022-12-21,1053,95-331-1993
963,2022-11-11,1054,95-339-8822
964,2022-11-30,1055,95-505-4189
965,2022-12-30,1056,95-556-4695
966,2022-11-05,1057,95-631-7257
967,2022-09-30,1058,95-643-4919
968,2022-09-30,1059,95-862-4662
969,2022-07-25,1060,95-863-7435
970,2022-10-05,1061,96-259-0479
971,2022-10-07,1062,96-606-2380
972,2022-09-20,1063,96-628-9343
973,2022-08-15,1064,96-672-3509
974,2022-12-21,1065,96-799-4054
975,2022-11-11,1066,96-883-5571
976,2022-11-30,1067,96-909-7950
977,2022-12-30,1068,96-936-2893
978,2022-11-05,1069,97-003-2495
979,2022-09-30,1070,97-034-6516
980,2022-09-30,1071,97-050-8120
981,2022-07-25,1072,97-122-0077
982,2022-10-05,1073,97-361-6034
983,2022-10-07,1074,97-474-3634
984,2022-09-20,1075,97-519-5326
985,2022-08-15,1076,97-687-5761
986,2022-12-21,1077,97-708-6756
987,2022-11-11,1078,97-710-2761
988,2022-11-30,1079,97-850-3306
989,2022-12-30,1080,98-044-8929
990,2022-11-05,1081,98-090-3894
991,2022-09-30,1082,98-132-2808
992,2022-09-30,1083,98-252-9656
993,2022-07-25,1084,98-336-1192
994,2022-10-05,1085,98-374-2865
995,2022-10-07,1086,98-463-7157
996,2022-09-20,1087,98-558-7897
997,2022-08-15,1088,98-591-9409
998,2022-12-21,1089,98-667-2397
999,2022-11-11,1090,98-778-3557
1000,2022-11-30,1091,98-945-3693
1001,2022-12-30,1092,98-956-4430
1002,2022-11-05,1093,99-033-8011
1003,2022-09-30,1094,99-109-2353
1004,2022-09-30,1095,99-181-8100
1005,2022-07-25,1096,99-288-3999
1006,2022-10-05,1097,99-380-1965
1007,2022-10-07,1098,99-435-3448
1008,2022-09-20,1099,99-534-0752
1009,2022-08-15,1100,99-823-8050
